<?xml version="1.0" encoding="UTF-8" standalone="no"?>
<catalog prefer="public" xmlns="urn:oasis:names:tc:entity:xmlns:xml:catalog">
    <uri id="Imports Wizard Entry" name="http://www.semanticweb.org/cleyton/ontologies/2018/5/ontocrimecleyton" uri="file:/C:/Cleyton/PhD/Tese/Novo/Chatbot/ChatProlog/OntoCrime.owl"/>
    <group id="Folder Repository, directory=, recursive=true, Auto-Update=true, version=2" prefer="public" xml:base="">
        <uri id="Automatically generated entry, Timestamp=1548777166023" name="http://www.semanticweb.org/cleyton/ontologies/2018/5/ontocrimecleyton" uri="old/OntoCrime.owl"/>
        <uri id="Automatically generated entry, Timestamp=1548777166023" name="http://www.semanticweb.org/cleyton/ontologies/2018/5/untitled-ontology-10" uri="OntoCrime.owl"/>
        <uri id="Automatically generated entry, Timestamp=1548777166023" name="http://www.semanticweb.org/cleyton/ontologies/2018/8/ontomurdercleyton" uri="old/OntoMurder.owl"/>
        <uri id="Automatically generated entry, Timestamp=1548777166023" name="http://www.semanticweb.org/cleyton/ontologies/2018/8/ontopropertycleyton" uri="old2/OntoProperty.owl"/>
        <uri id="Automatically generated entry, Timestamp=1548777166023" name="duplicate:http://www.semanticweb.org/cleyton/ontologies/2018/8/untitled-ontology-19" uri="OntoCrimeMarielle01.owl"/>
        <uri id="Automatically generated entry, Timestamp=1548777166023" name="duplicate:http://www.semanticweb.org/cleyton/ontologies/2018/8/untitled-ontology-19" uri="OntoCrimeMarielle02.owl"/>
        <uri id="Automatically generated entry, Timestamp=1548777166023" name="duplicate:http://www.semanticweb.org/cleyton/ontologies/2018/8/untitled-ontology-19" uri="OntoCrimeTatiane.owl"/>
        <uri id="Automatically generated entry, Timestamp=1548777166023" name="duplicate:http://www.semanticweb.org/cleyton/ontologies/2018/8/untitled-ontology-19" uri="OntoMurder.owl"/>
        <uri id="Automatically generated entry, Timestamp=1548777166023" name="duplicate:http://www.semanticweb.org/cleyton/ontologies/2018/8/untitled-ontology-23" uri="OntoCrimeChanged.owl"/>
        <uri id="Automatically generated entry, Timestamp=1548777166023" name="duplicate:http://www.semanticweb.org/cleyton/ontologies/2018/8/untitled-ontology-23" uri="OntoCrimeOswaldo.owl"/>
        <uri id="Automatically generated entry, Timestamp=1548777166023" name="duplicate:http://www.semanticweb.org/cleyton/ontologies/2018/8/untitled-ontology-23" uri="OntoProperty.owl"/>
        <uri id="Automatically generated entry, Timestamp=1548777166023" name="http://www.w3.org/2002/07/owl" uri="OntoCrimeAlfa.owl"/>
        <uri id="Automatically generated entry, Timestamp=1548777166023" name="shadowed:http://www.semanticweb.org/cleyton/ontologies/2018/5/untitled-ontology-10" uri="old2/OntoCrime.owl"/>
        <uri id="Automatically generated entry, Timestamp=1548777166023" name="shadowed:http://www.semanticweb.org/cleyton/ontologies/2018/8/untitled-ontology-19" uri="old2/OntoMurder.owl"/>
    </group>
</catalog>
